--
-- PostgreSQL database dump
--

-- Dumped from database version 10.6 (Ubuntu 10.6-0ubuntu0.18.04.1)
-- Dumped by pg_dump version 10.6 (Ubuntu 10.6-0ubuntu0.18.04.1)

SET statement_timeout = 0;
SET lock_timeout = 0;
SET idle_in_transaction_session_timeout = 0;
SET client_encoding = 'UTF8';
SET standard_conforming_strings = on;
SELECT pg_catalog.set_config('search_path', '', false);
SET check_function_bodies = false;
SET client_min_messages = warning;
SET row_security = off;

--
-- Name: plpgsql; Type: EXTENSION; Schema: -; Owner: 
--

CREATE EXTENSION IF NOT EXISTS plpgsql WITH SCHEMA pg_catalog;


--
-- Name: EXTENSION plpgsql; Type: COMMENT; Schema: -; Owner: 
--

COMMENT ON EXTENSION plpgsql IS 'PL/pgSQL procedural language';


SET default_tablespace = '';

SET default_with_oids = false;

--
-- Name: auth_group; Type: TABLE; Schema: public; Owner: iconcommunityuser
--

CREATE TABLE public.auth_group (
    id integer NOT NULL,
    name character varying(80) NOT NULL
);


ALTER TABLE public.auth_group OWNER TO iconcommunityuser;

--
-- Name: auth_group_id_seq; Type: SEQUENCE; Schema: public; Owner: iconcommunityuser
--

CREATE SEQUENCE public.auth_group_id_seq
    AS integer
    START WITH 1
    INCREMENT BY 1
    NO MINVALUE
    NO MAXVALUE
    CACHE 1;


ALTER TABLE public.auth_group_id_seq OWNER TO iconcommunityuser;

--
-- Name: auth_group_id_seq; Type: SEQUENCE OWNED BY; Schema: public; Owner: iconcommunityuser
--

ALTER SEQUENCE public.auth_group_id_seq OWNED BY public.auth_group.id;


--
-- Name: auth_group_permissions; Type: TABLE; Schema: public; Owner: iconcommunityuser
--

CREATE TABLE public.auth_group_permissions (
    id integer NOT NULL,
    group_id integer NOT NULL,
    permission_id integer NOT NULL
);


ALTER TABLE public.auth_group_permissions OWNER TO iconcommunityuser;

--
-- Name: auth_group_permissions_id_seq; Type: SEQUENCE; Schema: public; Owner: iconcommunityuser
--

CREATE SEQUENCE public.auth_group_permissions_id_seq
    AS integer
    START WITH 1
    INCREMENT BY 1
    NO MINVALUE
    NO MAXVALUE
    CACHE 1;


ALTER TABLE public.auth_group_permissions_id_seq OWNER TO iconcommunityuser;

--
-- Name: auth_group_permissions_id_seq; Type: SEQUENCE OWNED BY; Schema: public; Owner: iconcommunityuser
--

ALTER SEQUENCE public.auth_group_permissions_id_seq OWNED BY public.auth_group_permissions.id;


--
-- Name: auth_permission; Type: TABLE; Schema: public; Owner: iconcommunityuser
--

CREATE TABLE public.auth_permission (
    id integer NOT NULL,
    name character varying(255) NOT NULL,
    content_type_id integer NOT NULL,
    codename character varying(100) NOT NULL
);


ALTER TABLE public.auth_permission OWNER TO iconcommunityuser;

--
-- Name: auth_permission_id_seq; Type: SEQUENCE; Schema: public; Owner: iconcommunityuser
--

CREATE SEQUENCE public.auth_permission_id_seq
    AS integer
    START WITH 1
    INCREMENT BY 1
    NO MINVALUE
    NO MAXVALUE
    CACHE 1;


ALTER TABLE public.auth_permission_id_seq OWNER TO iconcommunityuser;

--
-- Name: auth_permission_id_seq; Type: SEQUENCE OWNED BY; Schema: public; Owner: iconcommunityuser
--

ALTER SEQUENCE public.auth_permission_id_seq OWNED BY public.auth_permission.id;


--
-- Name: auth_user; Type: TABLE; Schema: public; Owner: iconcommunityuser
--

CREATE TABLE public.auth_user (
    id integer NOT NULL,
    password character varying(128) NOT NULL,
    last_login timestamp with time zone,
    is_superuser boolean NOT NULL,
    username character varying(150) NOT NULL,
    first_name character varying(30) NOT NULL,
    last_name character varying(150) NOT NULL,
    email character varying(254) NOT NULL,
    is_staff boolean NOT NULL,
    is_active boolean NOT NULL,
    date_joined timestamp with time zone NOT NULL
);


ALTER TABLE public.auth_user OWNER TO iconcommunityuser;

--
-- Name: auth_user_groups; Type: TABLE; Schema: public; Owner: iconcommunityuser
--

CREATE TABLE public.auth_user_groups (
    id integer NOT NULL,
    user_id integer NOT NULL,
    group_id integer NOT NULL
);


ALTER TABLE public.auth_user_groups OWNER TO iconcommunityuser;

--
-- Name: auth_user_groups_id_seq; Type: SEQUENCE; Schema: public; Owner: iconcommunityuser
--

CREATE SEQUENCE public.auth_user_groups_id_seq
    AS integer
    START WITH 1
    INCREMENT BY 1
    NO MINVALUE
    NO MAXVALUE
    CACHE 1;


ALTER TABLE public.auth_user_groups_id_seq OWNER TO iconcommunityuser;

--
-- Name: auth_user_groups_id_seq; Type: SEQUENCE OWNED BY; Schema: public; Owner: iconcommunityuser
--

ALTER SEQUENCE public.auth_user_groups_id_seq OWNED BY public.auth_user_groups.id;


--
-- Name: auth_user_id_seq; Type: SEQUENCE; Schema: public; Owner: iconcommunityuser
--

CREATE SEQUENCE public.auth_user_id_seq
    AS integer
    START WITH 1
    INCREMENT BY 1
    NO MINVALUE
    NO MAXVALUE
    CACHE 1;


ALTER TABLE public.auth_user_id_seq OWNER TO iconcommunityuser;

--
-- Name: auth_user_id_seq; Type: SEQUENCE OWNED BY; Schema: public; Owner: iconcommunityuser
--

ALTER SEQUENCE public.auth_user_id_seq OWNED BY public.auth_user.id;


--
-- Name: auth_user_user_permissions; Type: TABLE; Schema: public; Owner: iconcommunityuser
--

CREATE TABLE public.auth_user_user_permissions (
    id integer NOT NULL,
    user_id integer NOT NULL,
    permission_id integer NOT NULL
);


ALTER TABLE public.auth_user_user_permissions OWNER TO iconcommunityuser;

--
-- Name: auth_user_user_permissions_id_seq; Type: SEQUENCE; Schema: public; Owner: iconcommunityuser
--

CREATE SEQUENCE public.auth_user_user_permissions_id_seq
    AS integer
    START WITH 1
    INCREMENT BY 1
    NO MINVALUE
    NO MAXVALUE
    CACHE 1;


ALTER TABLE public.auth_user_user_permissions_id_seq OWNER TO iconcommunityuser;

--
-- Name: auth_user_user_permissions_id_seq; Type: SEQUENCE OWNED BY; Schema: public; Owner: iconcommunityuser
--

ALTER SEQUENCE public.auth_user_user_permissions_id_seq OWNED BY public.auth_user_user_permissions.id;


--
-- Name: developers_blogtutorial; Type: TABLE; Schema: public; Owner: iconcommunityuser
--

CREATE TABLE public.developers_blogtutorial (
    id integer NOT NULL,
    blog_tutorial_logo character varying(100) NOT NULL,
    blog_tutorial_title character varying(2000) NOT NULL,
    blog_tutorial_link character varying(500) NOT NULL,
    blog_tutorial_date date NOT NULL,
    blog_tutorial_display boolean NOT NULL,
    created_at timestamp with time zone NOT NULL,
    updated_at timestamp with time zone NOT NULL
);


ALTER TABLE public.developers_blogtutorial OWNER TO iconcommunityuser;

--
-- Name: developers_blogtutorial_id_seq; Type: SEQUENCE; Schema: public; Owner: iconcommunityuser
--

CREATE SEQUENCE public.developers_blogtutorial_id_seq
    AS integer
    START WITH 1
    INCREMENT BY 1
    NO MINVALUE
    NO MAXVALUE
    CACHE 1;


ALTER TABLE public.developers_blogtutorial_id_seq OWNER TO iconcommunityuser;

--
-- Name: developers_blogtutorial_id_seq; Type: SEQUENCE OWNED BY; Schema: public; Owner: iconcommunityuser
--

ALTER SEQUENCE public.developers_blogtutorial_id_seq OWNED BY public.developers_blogtutorial.id;


--
-- Name: developers_videopresentation; Type: TABLE; Schema: public; Owner: iconcommunityuser
--

CREATE TABLE public.developers_videopresentation (
    id integer NOT NULL,
    video_presentation_title character varying(2000) NOT NULL,
    video_presentation_link character varying(500) NOT NULL,
    video_presentation_date date NOT NULL,
    video_presentation_display boolean NOT NULL,
    created_at timestamp with time zone NOT NULL,
    updated_at timestamp with time zone NOT NULL
);


ALTER TABLE public.developers_videopresentation OWNER TO iconcommunityuser;

--
-- Name: developers_videopresentation_id_seq; Type: SEQUENCE; Schema: public; Owner: iconcommunityuser
--

CREATE SEQUENCE public.developers_videopresentation_id_seq
    AS integer
    START WITH 1
    INCREMENT BY 1
    NO MINVALUE
    NO MAXVALUE
    CACHE 1;


ALTER TABLE public.developers_videopresentation_id_seq OWNER TO iconcommunityuser;

--
-- Name: developers_videopresentation_id_seq; Type: SEQUENCE OWNED BY; Schema: public; Owner: iconcommunityuser
--

ALTER SEQUENCE public.developers_videopresentation_id_seq OWNED BY public.developers_videopresentation.id;


--
-- Name: developers_videotutorial; Type: TABLE; Schema: public; Owner: iconcommunityuser
--

CREATE TABLE public.developers_videotutorial (
    id integer NOT NULL,
    video_tutorial_title character varying(2000) NOT NULL,
    video_tutorial_link character varying(500) NOT NULL,
    video_tutorial_date date NOT NULL,
    video_tutorial_display boolean NOT NULL,
    created_at timestamp with time zone NOT NULL,
    updated_at timestamp with time zone NOT NULL
);


ALTER TABLE public.developers_videotutorial OWNER TO iconcommunityuser;

--
-- Name: developers_videotutorial_id_seq; Type: SEQUENCE; Schema: public; Owner: iconcommunityuser
--

CREATE SEQUENCE public.developers_videotutorial_id_seq
    AS integer
    START WITH 1
    INCREMENT BY 1
    NO MINVALUE
    NO MAXVALUE
    CACHE 1;


ALTER TABLE public.developers_videotutorial_id_seq OWNER TO iconcommunityuser;

--
-- Name: developers_videotutorial_id_seq; Type: SEQUENCE OWNED BY; Schema: public; Owner: iconcommunityuser
--

ALTER SEQUENCE public.developers_videotutorial_id_seq OWNED BY public.developers_videotutorial.id;


--
-- Name: django_admin_log; Type: TABLE; Schema: public; Owner: iconcommunityuser
--

CREATE TABLE public.django_admin_log (
    id integer NOT NULL,
    action_time timestamp with time zone NOT NULL,
    object_id text,
    object_repr character varying(200) NOT NULL,
    action_flag smallint NOT NULL,
    change_message text NOT NULL,
    content_type_id integer,
    user_id integer NOT NULL,
    CONSTRAINT django_admin_log_action_flag_check CHECK ((action_flag >= 0))
);


ALTER TABLE public.django_admin_log OWNER TO iconcommunityuser;

--
-- Name: django_admin_log_id_seq; Type: SEQUENCE; Schema: public; Owner: iconcommunityuser
--

CREATE SEQUENCE public.django_admin_log_id_seq
    AS integer
    START WITH 1
    INCREMENT BY 1
    NO MINVALUE
    NO MAXVALUE
    CACHE 1;


ALTER TABLE public.django_admin_log_id_seq OWNER TO iconcommunityuser;

--
-- Name: django_admin_log_id_seq; Type: SEQUENCE OWNED BY; Schema: public; Owner: iconcommunityuser
--

ALTER SEQUENCE public.django_admin_log_id_seq OWNED BY public.django_admin_log.id;


--
-- Name: django_content_type; Type: TABLE; Schema: public; Owner: iconcommunityuser
--

CREATE TABLE public.django_content_type (
    id integer NOT NULL,
    app_label character varying(100) NOT NULL,
    model character varying(100) NOT NULL
);


ALTER TABLE public.django_content_type OWNER TO iconcommunityuser;

--
-- Name: django_content_type_id_seq; Type: SEQUENCE; Schema: public; Owner: iconcommunityuser
--

CREATE SEQUENCE public.django_content_type_id_seq
    AS integer
    START WITH 1
    INCREMENT BY 1
    NO MINVALUE
    NO MAXVALUE
    CACHE 1;


ALTER TABLE public.django_content_type_id_seq OWNER TO iconcommunityuser;

--
-- Name: django_content_type_id_seq; Type: SEQUENCE OWNED BY; Schema: public; Owner: iconcommunityuser
--

ALTER SEQUENCE public.django_content_type_id_seq OWNED BY public.django_content_type.id;


--
-- Name: django_migrations; Type: TABLE; Schema: public; Owner: iconcommunityuser
--

CREATE TABLE public.django_migrations (
    id integer NOT NULL,
    app character varying(255) NOT NULL,
    name character varying(255) NOT NULL,
    applied timestamp with time zone NOT NULL
);


ALTER TABLE public.django_migrations OWNER TO iconcommunityuser;

--
-- Name: django_migrations_id_seq; Type: SEQUENCE; Schema: public; Owner: iconcommunityuser
--

CREATE SEQUENCE public.django_migrations_id_seq
    AS integer
    START WITH 1
    INCREMENT BY 1
    NO MINVALUE
    NO MAXVALUE
    CACHE 1;


ALTER TABLE public.django_migrations_id_seq OWNER TO iconcommunityuser;

--
-- Name: django_migrations_id_seq; Type: SEQUENCE OWNED BY; Schema: public; Owner: iconcommunityuser
--

ALTER SEQUENCE public.django_migrations_id_seq OWNED BY public.django_migrations.id;


--
-- Name: django_session; Type: TABLE; Schema: public; Owner: iconcommunityuser
--

CREATE TABLE public.django_session (
    session_key character varying(40) NOT NULL,
    session_data text NOT NULL,
    expire_date timestamp with time zone NOT NULL
);


ALTER TABLE public.django_session OWNER TO iconcommunityuser;

--
-- Name: resources_news; Type: TABLE; Schema: public; Owner: iconcommunityuser
--

CREATE TABLE public.resources_news (
    id integer NOT NULL,
    news_logo character varying(100) NOT NULL,
    news_site character varying(200) NOT NULL,
    news_title character varying(2000) NOT NULL,
    news_link character varying(500) NOT NULL,
    news_date date NOT NULL,
    news_display boolean NOT NULL,
    created_at timestamp with time zone NOT NULL,
    updated_at timestamp with time zone NOT NULL
);


ALTER TABLE public.resources_news OWNER TO iconcommunityuser;

--
-- Name: resources_news_id_seq; Type: SEQUENCE; Schema: public; Owner: iconcommunityuser
--

CREATE SEQUENCE public.resources_news_id_seq
    AS integer
    START WITH 1
    INCREMENT BY 1
    NO MINVALUE
    NO MAXVALUE
    CACHE 1;


ALTER TABLE public.resources_news_id_seq OWNER TO iconcommunityuser;

--
-- Name: resources_news_id_seq; Type: SEQUENCE OWNED BY; Schema: public; Owner: iconcommunityuser
--

ALTER SEQUENCE public.resources_news_id_seq OWNED BY public.resources_news.id;


--
-- Name: resources_press; Type: TABLE; Schema: public; Owner: iconcommunityuser
--

CREATE TABLE public.resources_press (
    id integer NOT NULL,
    press_title character varying(2000) NOT NULL,
    press_link character varying(500) NOT NULL,
    press_date date NOT NULL,
    created_at timestamp with time zone NOT NULL,
    updated_at timestamp with time zone NOT NULL
);


ALTER TABLE public.resources_press OWNER TO iconcommunityuser;

--
-- Name: resources_press_id_seq; Type: SEQUENCE; Schema: public; Owner: iconcommunityuser
--

CREATE SEQUENCE public.resources_press_id_seq
    AS integer
    START WITH 1
    INCREMENT BY 1
    NO MINVALUE
    NO MAXVALUE
    CACHE 1;


ALTER TABLE public.resources_press_id_seq OWNER TO iconcommunityuser;

--
-- Name: resources_press_id_seq; Type: SEQUENCE OWNED BY; Schema: public; Owner: iconcommunityuser
--

ALTER SEQUENCE public.resources_press_id_seq OWNED BY public.resources_press.id;


--
-- Name: resources_videoevents; Type: TABLE; Schema: public; Owner: iconcommunityuser
--

CREATE TABLE public.resources_videoevents (
    id integer NOT NULL,
    video_events_title character varying(2000) NOT NULL,
    video_events_link character varying(2000) NOT NULL,
    video_events_date date NOT NULL,
    created_at timestamp with time zone NOT NULL,
    updated_at timestamp with time zone NOT NULL
);


ALTER TABLE public.resources_videoevents OWNER TO iconcommunityuser;

--
-- Name: resources_videoevents_id_seq; Type: SEQUENCE; Schema: public; Owner: iconcommunityuser
--

CREATE SEQUENCE public.resources_videoevents_id_seq
    AS integer
    START WITH 1
    INCREMENT BY 1
    NO MINVALUE
    NO MAXVALUE
    CACHE 1;


ALTER TABLE public.resources_videoevents_id_seq OWNER TO iconcommunityuser;

--
-- Name: resources_videoevents_id_seq; Type: SEQUENCE OWNED BY; Schema: public; Owner: iconcommunityuser
--

ALTER SEQUENCE public.resources_videoevents_id_seq OWNED BY public.resources_videoevents.id;


--
-- Name: resources_videoiconsensus; Type: TABLE; Schema: public; Owner: iconcommunityuser
--

CREATE TABLE public.resources_videoiconsensus (
    id integer NOT NULL,
    video_iconsensus_title character varying(2000) NOT NULL,
    video_iconsensus_link character varying(2000) NOT NULL,
    video_iconsensus_date date NOT NULL,
    created_at timestamp with time zone NOT NULL,
    updated_at timestamp with time zone NOT NULL
);


ALTER TABLE public.resources_videoiconsensus OWNER TO iconcommunityuser;

--
-- Name: resources_videoiconsensus_id_seq; Type: SEQUENCE; Schema: public; Owner: iconcommunityuser
--

CREATE SEQUENCE public.resources_videoiconsensus_id_seq
    AS integer
    START WITH 1
    INCREMENT BY 1
    NO MINVALUE
    NO MAXVALUE
    CACHE 1;


ALTER TABLE public.resources_videoiconsensus_id_seq OWNER TO iconcommunityuser;

--
-- Name: resources_videoiconsensus_id_seq; Type: SEQUENCE OWNED BY; Schema: public; Owner: iconcommunityuser
--

ALTER SEQUENCE public.resources_videoiconsensus_id_seq OWNED BY public.resources_videoiconsensus.id;


--
-- Name: resources_videointerviews; Type: TABLE; Schema: public; Owner: iconcommunityuser
--

CREATE TABLE public.resources_videointerviews (
    id integer NOT NULL,
    video_interviews_title character varying(2000) NOT NULL,
    video_interviews_link character varying(2000) NOT NULL,
    video_interviews_date date NOT NULL,
    created_at timestamp with time zone NOT NULL,
    updated_at timestamp with time zone NOT NULL
);


ALTER TABLE public.resources_videointerviews OWNER TO iconcommunityuser;

--
-- Name: resources_videointerviews_id_seq; Type: SEQUENCE; Schema: public; Owner: iconcommunityuser
--

CREATE SEQUENCE public.resources_videointerviews_id_seq
    AS integer
    START WITH 1
    INCREMENT BY 1
    NO MINVALUE
    NO MAXVALUE
    CACHE 1;


ALTER TABLE public.resources_videointerviews_id_seq OWNER TO iconcommunityuser;

--
-- Name: resources_videointerviews_id_seq; Type: SEQUENCE OWNED BY; Schema: public; Owner: iconcommunityuser
--

ALTER SEQUENCE public.resources_videointerviews_id_seq OWNED BY public.resources_videointerviews.id;


--
-- Name: auth_group id; Type: DEFAULT; Schema: public; Owner: iconcommunityuser
--

ALTER TABLE ONLY public.auth_group ALTER COLUMN id SET DEFAULT nextval('public.auth_group_id_seq'::regclass);


--
-- Name: auth_group_permissions id; Type: DEFAULT; Schema: public; Owner: iconcommunityuser
--

ALTER TABLE ONLY public.auth_group_permissions ALTER COLUMN id SET DEFAULT nextval('public.auth_group_permissions_id_seq'::regclass);


--
-- Name: auth_permission id; Type: DEFAULT; Schema: public; Owner: iconcommunityuser
--

ALTER TABLE ONLY public.auth_permission ALTER COLUMN id SET DEFAULT nextval('public.auth_permission_id_seq'::regclass);


--
-- Name: auth_user id; Type: DEFAULT; Schema: public; Owner: iconcommunityuser
--

ALTER TABLE ONLY public.auth_user ALTER COLUMN id SET DEFAULT nextval('public.auth_user_id_seq'::regclass);


--
-- Name: auth_user_groups id; Type: DEFAULT; Schema: public; Owner: iconcommunityuser
--

ALTER TABLE ONLY public.auth_user_groups ALTER COLUMN id SET DEFAULT nextval('public.auth_user_groups_id_seq'::regclass);


--
-- Name: auth_user_user_permissions id; Type: DEFAULT; Schema: public; Owner: iconcommunityuser
--

ALTER TABLE ONLY public.auth_user_user_permissions ALTER COLUMN id SET DEFAULT nextval('public.auth_user_user_permissions_id_seq'::regclass);


--
-- Name: developers_blogtutorial id; Type: DEFAULT; Schema: public; Owner: iconcommunityuser
--

ALTER TABLE ONLY public.developers_blogtutorial ALTER COLUMN id SET DEFAULT nextval('public.developers_blogtutorial_id_seq'::regclass);


--
-- Name: developers_videopresentation id; Type: DEFAULT; Schema: public; Owner: iconcommunityuser
--

ALTER TABLE ONLY public.developers_videopresentation ALTER COLUMN id SET DEFAULT nextval('public.developers_videopresentation_id_seq'::regclass);


--
-- Name: developers_videotutorial id; Type: DEFAULT; Schema: public; Owner: iconcommunityuser
--

ALTER TABLE ONLY public.developers_videotutorial ALTER COLUMN id SET DEFAULT nextval('public.developers_videotutorial_id_seq'::regclass);


--
-- Name: django_admin_log id; Type: DEFAULT; Schema: public; Owner: iconcommunityuser
--

ALTER TABLE ONLY public.django_admin_log ALTER COLUMN id SET DEFAULT nextval('public.django_admin_log_id_seq'::regclass);


--
-- Name: django_content_type id; Type: DEFAULT; Schema: public; Owner: iconcommunityuser
--

ALTER TABLE ONLY public.django_content_type ALTER COLUMN id SET DEFAULT nextval('public.django_content_type_id_seq'::regclass);


--
-- Name: django_migrations id; Type: DEFAULT; Schema: public; Owner: iconcommunityuser
--

ALTER TABLE ONLY public.django_migrations ALTER COLUMN id SET DEFAULT nextval('public.django_migrations_id_seq'::regclass);


--
-- Name: resources_news id; Type: DEFAULT; Schema: public; Owner: iconcommunityuser
--

ALTER TABLE ONLY public.resources_news ALTER COLUMN id SET DEFAULT nextval('public.resources_news_id_seq'::regclass);


--
-- Name: resources_press id; Type: DEFAULT; Schema: public; Owner: iconcommunityuser
--

ALTER TABLE ONLY public.resources_press ALTER COLUMN id SET DEFAULT nextval('public.resources_press_id_seq'::regclass);


--
-- Name: resources_videoevents id; Type: DEFAULT; Schema: public; Owner: iconcommunityuser
--

ALTER TABLE ONLY public.resources_videoevents ALTER COLUMN id SET DEFAULT nextval('public.resources_videoevents_id_seq'::regclass);


--
-- Name: resources_videoiconsensus id; Type: DEFAULT; Schema: public; Owner: iconcommunityuser
--

ALTER TABLE ONLY public.resources_videoiconsensus ALTER COLUMN id SET DEFAULT nextval('public.resources_videoiconsensus_id_seq'::regclass);


--
-- Name: resources_videointerviews id; Type: DEFAULT; Schema: public; Owner: iconcommunityuser
--

ALTER TABLE ONLY public.resources_videointerviews ALTER COLUMN id SET DEFAULT nextval('public.resources_videointerviews_id_seq'::regclass);


--
-- Data for Name: auth_group; Type: TABLE DATA; Schema: public; Owner: iconcommunityuser
--

COPY public.auth_group (id, name) FROM stdin;
\.


--
-- Data for Name: auth_group_permissions; Type: TABLE DATA; Schema: public; Owner: iconcommunityuser
--

COPY public.auth_group_permissions (id, group_id, permission_id) FROM stdin;
\.


--
-- Data for Name: auth_permission; Type: TABLE DATA; Schema: public; Owner: iconcommunityuser
--

COPY public.auth_permission (id, name, content_type_id, codename) FROM stdin;
1	Can add log entry	1	add_logentry
2	Can change log entry	1	change_logentry
3	Can delete log entry	1	delete_logentry
4	Can view log entry	1	view_logentry
5	Can add permission	2	add_permission
6	Can change permission	2	change_permission
7	Can delete permission	2	delete_permission
8	Can view permission	2	view_permission
9	Can add group	3	add_group
10	Can change group	3	change_group
11	Can delete group	3	delete_group
12	Can view group	3	view_group
13	Can add user	4	add_user
14	Can change user	4	change_user
15	Can delete user	4	delete_user
16	Can view user	4	view_user
17	Can add content type	5	add_contenttype
18	Can change content type	5	change_contenttype
19	Can delete content type	5	delete_contenttype
20	Can view content type	5	view_contenttype
21	Can add session	6	add_session
22	Can change session	6	change_session
23	Can delete session	6	delete_session
24	Can view session	6	view_session
25	Can add press release	7	add_pressrelease
26	Can change press release	7	change_pressrelease
27	Can delete press release	7	delete_pressrelease
28	Can view press release	7	view_pressrelease
29	Can add news	8	add_news
30	Can change news	8	change_news
31	Can delete news	8	delete_news
32	Can view news	8	view_news
33	Can add press	9	add_press
34	Can change press	9	change_press
35	Can delete press	9	delete_press
36	Can view press	9	view_press
37	Can add video events	10	add_videoevents
38	Can change video events	10	change_videoevents
39	Can delete video events	10	delete_videoevents
40	Can view video events	10	view_videoevents
41	Can add video interviews	11	add_videointerviews
42	Can change video interviews	11	change_videointerviews
43	Can delete video interviews	11	delete_videointerviews
44	Can view video interviews	11	view_videointerviews
45	Can add video iconsensus	12	add_videoiconsensus
46	Can change video iconsensus	12	change_videoiconsensus
47	Can delete video iconsensus	12	delete_videoiconsensus
48	Can view video iconsensus	12	view_videoiconsensus
49	Can add blog tutorial	13	add_blogtutorial
50	Can change blog tutorial	13	change_blogtutorial
51	Can delete blog tutorial	13	delete_blogtutorial
52	Can view blog tutorial	13	view_blogtutorial
53	Can add video tutorial	14	add_videotutorial
54	Can change video tutorial	14	change_videotutorial
55	Can delete video tutorial	14	delete_videotutorial
56	Can view video tutorial	14	view_videotutorial
60	Can add video presentation	15	add_videopresentation
61	Can change video presentation	15	change_videopresentation
62	Can delete video presentation	15	delete_videopresentation
63	Can view video presentation	15	view_videopresentation
\.


--
-- Data for Name: auth_user; Type: TABLE DATA; Schema: public; Owner: iconcommunityuser
--

COPY public.auth_user (id, password, last_login, is_superuser, username, first_name, last_name, email, is_staff, is_active, date_joined) FROM stdin;
1	pbkdf2_sha256$120000$J5Xj3iaEk3vm$MUq49pJc6t4hhWs6EnWT/o8dL8Oq/A2ZPY3aErdDbH4=	2019-04-05 14:23:52.105143+08	t	icon				t	t	2019-01-08 18:38:15.711003+08
\.


--
-- Data for Name: auth_user_groups; Type: TABLE DATA; Schema: public; Owner: iconcommunityuser
--

COPY public.auth_user_groups (id, user_id, group_id) FROM stdin;
\.


--
-- Data for Name: auth_user_user_permissions; Type: TABLE DATA; Schema: public; Owner: iconcommunityuser
--

COPY public.auth_user_user_permissions (id, user_id, permission_id) FROM stdin;
\.


--
-- Data for Name: developers_blogtutorial; Type: TABLE DATA; Schema: public; Owner: iconcommunityuser
--

COPY public.developers_blogtutorial (id, blog_tutorial_logo, blog_tutorial_title, blog_tutorial_link, blog_tutorial_date, blog_tutorial_display, created_at, updated_at) FROM stdin;
1	blogtutorial/1_JOFGbAq9TuHVJlehxEXCiQ_ckxCOq8.jpeg	ICON DAPP From A-Z Part 1: Tools & Environment	https://medium.com/@2infiniti/creating-icon-dapp-from-a-z-part-1-tools-environment-dd56f8dfc905	2018-10-23	t	2019-04-03 15:41:30.907251+08	2019-04-05 14:24:29.448444+08
2	blogtutorial/1_GsMgqi4FjOa_ZRl7pnRCkg_2ErTGVs.jpeg	ICON DAPP From A-Z Part 2: SCORE	https://medium.com/@2infiniti/icon-dapp-from-a-z-part-2-score-af5f627e97e8	2018-10-30	t	2019-04-03 15:42:18.641186+08	2019-04-05 14:24:35.41402+08
3	blogtutorial/1_mwjZKB1aoYhK1Z8Rg9czSg.png	ICON DAPP From A-Z Part 3: ICON Dice Roll DAPP	https://medium.com/@2infiniti/icon-dapp-from-a-z-part-3-icon-dice-roll-dapp-7f0ca72057f5	2018-11-02	t	2019-04-03 15:43:15.448177+08	2019-04-05 14:24:41.203258+08
4	blogtutorial/1_PHzZ3XBF-Jk_Px2Lc8_oCg.png	ICON Workshop — Voting DAPP	https://medium.com/@2infiniti/icon-workshop-voting-dapp-c9581b1238d4	2018-11-05	t	2019-04-03 15:44:07.818464+08	2019-04-05 14:24:46.85034+08
5	blogtutorial/1_11w68USqdE2KkOXEJr9Alw.png	ICON Workshop — ICONex Web Connect	https://medium.com/@2infiniti/icon-workshop-iconex-web-connect-164ff3cd6792	2018-11-07	t	2019-04-03 15:44:59.29698+08	2019-04-05 14:24:52.165237+08
\.


--
-- Data for Name: developers_videopresentation; Type: TABLE DATA; Schema: public; Owner: iconcommunityuser
--

COPY public.developers_videopresentation (id, video_presentation_title, video_presentation_link, video_presentation_date, video_presentation_display, created_at, updated_at) FROM stdin;
1	[1.1] Introduction to ICON	https://www.youtube.com/watch?v=OqR86QEJGDI	2019-04-08	t	2019-04-08 14:01:12.522307+08	2019-04-08 14:01:12.522322+08
\.


--
-- Data for Name: developers_videotutorial; Type: TABLE DATA; Schema: public; Owner: iconcommunityuser
--

COPY public.developers_videotutorial (id, video_tutorial_title, video_tutorial_link, video_tutorial_date, video_tutorial_display, created_at, updated_at) FROM stdin;
1	How To Setup A ICON Wallet	https://www.youtube.com/watch?v=nCVNUwY-OQM	2018-08-25	t	2019-04-03 16:26:23.83084+08	2019-04-03 16:26:23.830865+08
\.


--
-- Data for Name: django_admin_log; Type: TABLE DATA; Schema: public; Owner: iconcommunityuser
--

COPY public.django_admin_log (id, action_time, object_id, object_repr, action_flag, change_message, content_type_id, user_id) FROM stdin;
1	2019-03-13 19:48:37.321564+08	1	ICON to sponsor "Blockchain Innovations in Public Services"	1	[{"added": {}}]	7	1
2	2019-03-13 19:52:45.631822+08	2	ICON to sponsor "Blockchain Innovations in Public Services"	1	[{"added": {}}]	8	1
3	2019-03-13 21:16:18.425398+08	1	Could This Blockchain In Korea Be The First To Connect An Entire Country?	1	[{"added": {}}]	9	1
4	2019-03-14 15:15:25.469274+08	1	Could This Blockchain In Korea Be The First To Connect An Entire Country?	2	[]	9	1
5	2019-03-14 15:15:43.844862+08	2	test press1	1	[{"added": {}}]	9	1
6	2019-03-14 15:15:48.819331+08	3	test press2	1	[{"added": {}}]	9	1
7	2019-03-14 15:15:57.326792+08	4	test press3	1	[{"added": {}}]	9	1
8	2019-03-14 15:16:11.823132+08	5	test press4	1	[{"added": {}}]	9	1
9	2019-03-14 15:16:19.872335+08	6	test press5	1	[{"added": {}}]	9	1
10	2019-03-14 15:16:31.04374+08	7	test press6	1	[{"added": {}}]	9	1
11	2019-03-14 15:16:38.197173+08	8	test press7	1	[{"added": {}}]	9	1
12	2019-03-14 15:16:46.742802+08	9	test press8	1	[{"added": {}}]	9	1
13	2019-03-14 15:16:55.206437+08	10	test press9	1	[{"added": {}}]	9	1
14	2019-03-14 15:17:03.206275+08	11	test press10	1	[{"added": {}}]	9	1
15	2019-03-14 15:17:10.477687+08	12	test press11	1	[{"added": {}}]	9	1
16	2019-03-14 15:17:19.123845+08	13	test press12	1	[{"added": {}}]	9	1
17	2019-03-14 15:17:28.376278+08	14	test press13	1	[{"added": {}}]	9	1
18	2019-03-14 15:17:38.058583+08	15	test press14	1	[{"added": {}}]	9	1
19	2019-03-14 15:17:45.950825+08	16	test press15	1	[{"added": {}}]	9	1
20	2019-03-14 15:17:53.731429+08	17	test press16	1	[{"added": {}}]	9	1
21	2019-03-14 15:18:01.637179+08	18	test press17	1	[{"added": {}}]	9	1
22	2019-03-14 15:18:10.72476+08	19	test press18	1	[{"added": {}}]	9	1
23	2019-03-15 18:54:42.045389+08	3	Forbes article	1	[{"added": {}}]	8	1
24	2019-03-15 18:55:06.97568+08	4	Billboards article	1	[{"added": {}}]	8	1
25	2019-03-15 18:55:19.900744+08	5	CNBC article	1	[{"added": {}}]	8	1
26	2019-03-15 18:55:39.520593+08	6	CoinDesk article	1	[{"added": {}}]	8	1
27	2019-03-15 18:55:55.566317+08	7	WSJ article	1	[{"added": {}}]	8	1
28	2019-03-15 18:56:12.997581+08	8	TechCrunch article	1	[{"added": {}}]	8	1
29	2019-03-15 18:56:35.496988+08	9	Reuters article	1	[{"added": {}}]	8	1
30	2019-03-19 18:25:52.399499+08	1	2018 SIDiF - ICONLOOP Showcases Blockchain Services	1	[{"added": {}}]	10	1
31	2019-03-19 18:26:23.943252+08	2	Consensus2018	1	[{"added": {}}]	10	1
32	2019-03-19 18:26:53.592493+08	3	Asia Crypto Night (ACN)	1	[{"added": {}}]	10	1
33	2019-03-19 18:27:15.474904+08	4	BIA : Bridges Block Party	1	[{"added": {}}]	10	1
34	2019-03-19 18:29:23.582591+08	5	Key Announcements : Open source	1	[{"added": {}}]	10	1
35	2019-03-19 18:29:51.158817+08	6	Key Announcements : Repurchase	1	[{"added": {}}]	10	1
36	2019-03-19 18:30:32.4494+08	7	Key Announcements : Rebranding	1	[{"added": {}}]	10	1
37	2019-03-19 18:30:56.444206+08	8	Key Announcements from ICON	1	[{"added": {}}]	10	1
38	2019-03-19 18:32:01.958899+08	1	Key Announcements from ICON	1	[{"added": {}}]	11	1
39	2019-03-19 18:32:05.066351+08	2	Key Announcements from ICON	1	[{"added": {}}]	11	1
40	2019-03-19 18:32:07.731265+08	3	Key Announcements from ICON	1	[{"added": {}}]	11	1
41	2019-03-19 18:32:10.724447+08	4	Key Announcements from ICON	1	[{"added": {}}]	11	1
42	2019-03-25 12:09:48.926042+08	1	ICONSENSUS: P-Rep Election Q&A	1	[{"added": {}}]	12	1
111	2019-04-05 14:24:29.450033+08	1	ICON DAPP From A-Z Part 1: Tools & Environment	2	[{"changed": {"fields": ["blog_tutorial_logo"]}}]	13	1
112	2019-04-05 14:24:35.415103+08	2	ICON DAPP From A-Z Part 2: SCORE	2	[{"changed": {"fields": ["blog_tutorial_logo"]}}]	13	1
113	2019-04-05 14:24:41.204384+08	3	ICON DAPP From A-Z Part 3: ICON Dice Roll DAPP	2	[{"changed": {"fields": ["blog_tutorial_logo"]}}]	13	1
114	2019-04-05 14:24:46.851483+08	4	ICON Workshop — Voting DAPP	2	[{"changed": {"fields": ["blog_tutorial_logo"]}}]	13	1
115	2019-04-05 14:24:52.16636+08	5	ICON Workshop — ICONex Web Connect	2	[{"changed": {"fields": ["blog_tutorial_logo"]}}]	13	1
116	2019-04-08 14:01:12.524433+08	1	[1.1] Introduction to ICON	1	[{"added": {}}]	15	1
\.


--
-- Data for Name: django_content_type; Type: TABLE DATA; Schema: public; Owner: iconcommunityuser
--

COPY public.django_content_type (id, app_label, model) FROM stdin;
1	admin	logentry
2	auth	permission
3	auth	group
4	auth	user
5	contenttypes	contenttype
6	sessions	session
7	resources	pressrelease
8	resources	news
9	resources	press
10	resources	videoevents
11	resources	videointerviews
12	resources	videoiconsensus
13	developers	blogtutorial
14	developers	videotutorial
15	developers	videopresentation
\.


--
-- Data for Name: django_migrations; Type: TABLE DATA; Schema: public; Owner: iconcommunityuser
--

COPY public.django_migrations (id, app, name, applied) FROM stdin;
1	contenttypes	0001_initial	2019-01-08 18:36:22.526666+08
2	auth	0001_initial	2019-01-08 18:36:22.856972+08
3	admin	0001_initial	2019-01-08 18:36:22.906627+08
4	admin	0002_logentry_remove_auto_add	2019-01-08 18:36:22.923824+08
5	admin	0003_logentry_add_action_flag_choices	2019-01-08 18:36:22.934199+08
6	contenttypes	0002_remove_content_type_name	2019-01-08 18:36:22.961219+08
7	auth	0002_alter_permission_name_max_length	2019-01-08 18:36:22.972945+08
8	auth	0003_alter_user_email_max_length	2019-01-08 18:36:22.987303+08
9	auth	0004_alter_user_username_opts	2019-01-08 18:36:22.99685+08
10	auth	0005_alter_user_last_login_null	2019-01-08 18:36:23.011216+08
11	auth	0006_require_contenttypes_0002	2019-01-08 18:36:23.016489+08
12	auth	0007_alter_validators_add_error_messages	2019-01-08 18:36:23.026833+08
13	auth	0008_alter_user_username_max_length	2019-01-08 18:36:23.048307+08
14	auth	0009_alter_user_last_name_max_length	2019-01-08 18:36:23.0622+08
15	sessions	0001_initial	2019-01-08 18:36:23.099859+08
16	resources	0001_initial	2019-03-13 19:46:50.863741+08
17	resources	0002_auto_20190313_1151	2019-03-13 19:51:20.58605+08
18	resources	0003_auto_20190313_1313	2019-03-13 21:13:10.124388+08
19	resources	0004_videoevents_videointerviews	2019-03-19 17:54:37.207379+08
20	resources	0005_videoiconsensus	2019-03-25 11:41:39.333624+08
21	developers	0001_initial	2019-04-05 14:02:19.162042+08
22	developers	0002_videopresentation	2019-04-08 08:04:07.984839+08
\.


--
-- Data for Name: django_session; Type: TABLE DATA; Schema: public; Owner: iconcommunityuser
--

COPY public.django_session (session_key, session_data, expire_date) FROM stdin;
gr8ep17iq4yx9smeldy9eg9atcdlg2yy	YjE1MWUzZGY5ODNlOGJjNWQyMjFlMzM5NzgzZjg3ZTFjYjliZGYyMDp7Il9hdXRoX3VzZXJfaWQiOiIxIiwiX2F1dGhfdXNlcl9iYWNrZW5kIjoiZGphbmdvLmNvbnRyaWIuYXV0aC5iYWNrZW5kcy5Nb2RlbEJhY2tlbmQiLCJfYXV0aF91c2VyX2hhc2giOiIzOWJmNThlZjgyMGY1OTkwZTI0MWVlYWM0YWE3OWI5N2UwNGRkYTU0In0=	2019-01-22 18:38:26.63271+08
b88ubrmjxctj158s48y98t5s5fx078jh	MGI1MGIyMzhkZWZjODkxYWE5NmQ2OTI1N2I3MTU3ZmMxMjA0OWU4MDp7Im5pZ2h0bW9kZSI6ZmFsc2UsIl9hdXRoX3VzZXJfaWQiOiIxIiwiX2F1dGhfdXNlcl9iYWNrZW5kIjoiZGphbmdvLmNvbnRyaWIuYXV0aC5iYWNrZW5kcy5Nb2RlbEJhY2tlbmQiLCJfYXV0aF91c2VyX2hhc2giOiIzOWJmNThlZjgyMGY1OTkwZTI0MWVlYWM0YWE3OWI5N2UwNGRkYTU0In0=	2019-04-02 07:12:39.638831+08
fadhplqlbnxhn71d1srpxbexce4c4j1y	NmRiMWE4ZDhlZWMyNDRjMTRlZGU5ZTJkNjEwYzY4YmIyMThjYjBiMzp7Im5pZ2h0bW9kZSI6ZmFsc2UsIm5hdmJhciI6dHJ1ZX0=	2019-07-26 17:20:28.304181+08
c48ya4l1zb7dxcgqmzj67kr9x6sl0rw8	ZjFkNDc5YzIyMDFhNDFhNzQ4M2VhMzM4NWMwNjMyOTdlZjMyZjI2YTp7Il9hdXRoX3VzZXJfaWQiOiIxIiwiX2F1dGhfdXNlcl9iYWNrZW5kIjoiZGphbmdvLmNvbnRyaWIuYXV0aC5iYWNrZW5kcy5Nb2RlbEJhY2tlbmQiLCJfYXV0aF91c2VyX2hhc2giOiIzOWJmNThlZjgyMGY1OTkwZTI0MWVlYWM0YWE3OWI5N2UwNGRkYTU0IiwiX2xhbmd1YWdlIjoiZW4iLCJteWtleSI6Im15dmFsdWUiLCJuaWdodG1vZGUiOmZhbHNlfQ==	2019-03-30 08:19:36.817632+08
iubw0h3ht0n39z1h2n8df3n811ncfypc	YjkwMzZkYjZmOTliNzQxY2ZhM2FjY2JhNjA4MmIyMGQ4ZmIwNWM5ODp7Im5pZ2h0bW9kZSI6ZmFsc2UsIl9hdXRoX3VzZXJfaWQiOiIxIiwiX2F1dGhfdXNlcl9iYWNrZW5kIjoiZGphbmdvLmNvbnRyaWIuYXV0aC5iYWNrZW5kcy5Nb2RlbEJhY2tlbmQiLCJfYXV0aF91c2VyX2hhc2giOiIzOWJmNThlZjgyMGY1OTkwZTI0MWVlYWM0YWE3OWI5N2UwNGRkYTU0IiwiX2xhbmd1YWdlIjoiZW4iLCJuYXZiYXIiOmZhbHNlfQ==	2019-04-08 20:20:00.133173+08
clpwx54gh8tjyuk44kxll19oa1ygo3rs	NmRiMWE4ZDhlZWMyNDRjMTRlZGU5ZTJkNjEwYzY4YmIyMThjYjBiMzp7Im5pZ2h0bW9kZSI6ZmFsc2UsIm5hdmJhciI6dHJ1ZX0=	2019-04-10 15:41:10.735893+08
65l4jh0t901if8uqvilm8rxo6ja0v83n	MmNhY2U1MTdiYzk1OWViMzU4NmNkN2NkZWUyNDc5NGE1Yjk5YjQzNjp7Im5pZ2h0bW9kZSI6ZmFsc2V9	2019-04-02 06:59:46.849693+08
qabyk3dqpf8sljwfjya5xmf4imlyzgv4	MmNhY2U1MTdiYzk1OWViMzU4NmNkN2NkZWUyNDc5NGE1Yjk5YjQzNjp7Im5pZ2h0bW9kZSI6ZmFsc2V9	2019-04-02 07:08:17.887587+08
ptiqbi23dz9ah7olmm3u9hel7kunu9w5	MmNhY2U1MTdiYzk1OWViMzU4NmNkN2NkZWUyNDc5NGE1Yjk5YjQzNjp7Im5pZ2h0bW9kZSI6ZmFsc2V9	2019-04-02 10:40:02.410183+08
xu2ayf9kpspyn91z1c0e3pj37cixd8xg	NGEyNTkyZmQxZjI0ZDViYmY2NjU3Nzc0NGEyZGU5ODUwODBiYWM0ODp7Im5pZ2h0bW9kZSI6dHJ1ZX0=	2019-04-01 18:52:44.81492+08
1parb7im61xtsblxfq9c91r6u11m2ku5	ZGU5YTY5NWNjMjJhN2I1NmU2YTA4YTBmZTQ4ZjNjMWQ0Njk1ODQyYTp7Il9hdXRoX3VzZXJfaWQiOiIxIiwiX2F1dGhfdXNlcl9iYWNrZW5kIjoiZGphbmdvLmNvbnRyaWIuYXV0aC5iYWNrZW5kcy5Nb2RlbEJhY2tlbmQiLCJfYXV0aF91c2VyX2hhc2giOiI3ZTk2OGM2ODcxZGJiM2NlNGQ0MGZkYjQyNTAwMjA0OGJlYmM4ZTEwIiwibmlnaHRtb2RlIjpmYWxzZSwiX2xhbmd1YWdlIjoiZW4iLCJuYXZiYXIiOnRydWV9	2019-04-10 15:42:48.492322+08
cq3dk80iwpn8sgh8o1pm3sehac7e3zkw	NmRiMWE4ZDhlZWMyNDRjMTRlZGU5ZTJkNjEwYzY4YmIyMThjYjBiMzp7Im5pZ2h0bW9kZSI6ZmFsc2UsIm5hdmJhciI6dHJ1ZX0=	2019-04-12 15:11:19.968415+08
94j3mtu9nja6nlbei892oefn5ycclumx	NGEyNTkyZmQxZjI0ZDViYmY2NjU3Nzc0NGEyZGU5ODUwODBiYWM0ODp7Im5pZ2h0bW9kZSI6dHJ1ZX0=	2019-04-01 18:52:55.531176+08
iddeypj8jy55yazrrjtxnhh1ctnqtqg7	ODYyMjM4NWNiMDYxMTJkZWU0YzM1YjkzZjMxNDUxYjcwOWM3ZjA3NTp7Im5pZ2h0bW9kZSI6dHJ1ZSwibmF2YmFyIjp0cnVlfQ==	2019-04-13 16:47:18.510472+08
lzuqubap3otwm4wys2xchomvjt1q2jt1	NmRiMWE4ZDhlZWMyNDRjMTRlZGU5ZTJkNjEwYzY4YmIyMThjYjBiMzp7Im5pZ2h0bW9kZSI6ZmFsc2UsIm5hdmJhciI6dHJ1ZX0=	2019-04-15 14:04:13.66578+08
h8g75010ut4ank8dxye36nx9hdaov8ij	MTQ4ZDhiOTFiNzg3ZWU0NWMxOWFlZWQ0ZDgzOTA0ZTUxMzUxMmQ0Yzp7Im5pZ2h0bW9kZSI6ZmFsc2UsIm5hdmJhciI6dHJ1ZSwiX2F1dGhfdXNlcl9pZCI6IjEiLCJfYXV0aF91c2VyX2JhY2tlbmQiOiJkamFuZ28uY29udHJpYi5hdXRoLmJhY2tlbmRzLk1vZGVsQmFja2VuZCIsIl9hdXRoX3VzZXJfaGFzaCI6IjdlOTY4YzY4NzFkYmIzY2U0ZDQwZmRiNDI1MDAyMDQ4YmViYzhlMTAifQ==	2019-04-17 15:46:16.810537+08
i2bmeycfbgjkhideios58utgptu7jbtj	ODYyMjM4NWNiMDYxMTJkZWU0YzM1YjkzZjMxNDUxYjcwOWM3ZjA3NTp7Im5pZ2h0bW9kZSI6dHJ1ZSwibmF2YmFyIjp0cnVlfQ==	2019-04-17 18:39:50.788178+08
xkrlalra1q84e89eghioq70jz1i7kzrh	NmRiMWE4ZDhlZWMyNDRjMTRlZGU5ZTJkNjEwYzY4YmIyMThjYjBiMzp7Im5pZ2h0bW9kZSI6ZmFsc2UsIm5hdmJhciI6dHJ1ZX0=	2019-04-18 11:14:56.417536+08
4o8cp9miyrqq653ob8s59lqte9f62cd0	MmNhY2U1MTdiYzk1OWViMzU4NmNkN2NkZWUyNDc5NGE1Yjk5YjQzNjp7Im5pZ2h0bW9kZSI6ZmFsc2V9	2019-04-01 19:20:12.244585+08
0f2cpsej8mufmn6gaavstmp7701c28ap	MWY1MGY1ZTE4ZjEwMzVkMTk4MWY1MzQ0MzljNmRkMzdmOTYxYmE2ZTp7Im5pZ2h0bW9kZSI6ZmFsc2UsIm5hdmJhciI6dHJ1ZSwiX2F1dGhfdXNlcl9pZCI6IjEiLCJfYXV0aF91c2VyX2JhY2tlbmQiOiJkamFuZ28uY29udHJpYi5hdXRoLmJhY2tlbmRzLk1vZGVsQmFja2VuZCIsIl9hdXRoX3VzZXJfaGFzaCI6IjM5YmY1OGVmODIwZjU5OTBlMjQxZWVhYzRhYTc5Yjk3ZTA0ZGRhNTQifQ==	2019-04-20 07:57:03.846382+08
8d9eq7pkzudj9vobjy8w758dnuo8om71	MmNhY2U1MTdiYzk1OWViMzU4NmNkN2NkZWUyNDc5NGE1Yjk5YjQzNjp7Im5pZ2h0bW9kZSI6ZmFsc2V9	2019-04-01 19:44:02.683808+08
jq25wqb177kg1631c76vrqrh3hcwyawy	YmM5ODE2MjI1ZTVjOWVmNDkzYmVjM2YyYmQ2ODVlYmViZWI1MjAyMzp7Im5pZ2h0bW9kZSI6ZmFsc2UsIm5hdmJhciI6dHJ1ZSwiX2xhbmd1YWdlIjoiZW4ifQ==	2019-06-05 12:54:14.889984+08
\.


--
-- Data for Name: resources_news; Type: TABLE DATA; Schema: public; Owner: iconcommunityuser
--

COPY public.resources_news (id, news_logo, news_site, news_title, news_link, news_date, news_display, created_at, updated_at) FROM stdin;
2	news/medium_9SUvzXk.png	Medium	ICON to sponsor "Blockchain Innovations in Public Services"	https://medium.com/helloiconworld	2019-03-11	t	2019-03-13 19:52:45.628948+08	2019-03-13 19:52:45.628963+08
3	news/forbes.jpg	Forbes	Forbes article	https://medium.com/helloiconworld	2019-03-15	t	2019-03-15 18:54:42.039213+08	2019-03-15 18:54:42.039232+08
4	news/billboard.jpg	Billboards	Billboards article	https://medium.com/helloiconworld	2019-03-14	t	2019-03-15 18:55:06.974311+08	2019-03-15 18:55:06.97433+08
5	news/cnbc.png	CNBC	CNBC article	https://medium.com/helloiconworld	2019-03-15	t	2019-03-15 18:55:19.899485+08	2019-03-15 18:55:19.899502+08
6	news/coindesk.jpg	CoinDesk	CoinDesk article	https://medium.com/helloiconworld	2019-03-12	t	2019-03-15 18:55:39.519192+08	2019-03-15 18:55:39.519211+08
7	news/wsj.gif	WSJ	WSJ article	https://medium.com/helloiconworld	2019-03-04	t	2019-03-15 18:55:55.564975+08	2019-03-15 18:55:55.564993+08
8	news/techcrunch.png	TechCrunch	TechCrunch article	https://medium.com/helloiconworld	2019-03-01	t	2019-03-15 18:56:12.996229+08	2019-03-15 18:56:12.996245+08
9	news/reuters.png	Reuters	Reuters article	https://medium.com/helloiconworld	2019-02-01	t	2019-03-15 18:56:35.495581+08	2019-03-15 18:56:35.495595+08
\.


--
-- Data for Name: resources_press; Type: TABLE DATA; Schema: public; Owner: iconcommunityuser
--

COPY public.resources_press (id, press_title, press_link, press_date, created_at, updated_at) FROM stdin;
1	Could This Blockchain In Korea Be The First To Connect An Entire Country?	https://www.forbes.com/sites/elaineramirez/2017/08/09/dayli-icon-blockchain-south-korea/#34c1c5be25a7	2017-08-09	2019-03-13 21:16:18.423375+08	2019-03-14 15:15:25.463722+08
2	test press1	https://www.forbes.com/sites/elaineramirez/2017/08/09/dayli-icon-blockchain-south-korea/#34c1c5be25a7	2019-03-14	2019-03-14 15:15:43.839668+08	2019-03-14 15:15:43.839682+08
3	test press2	https://www.forbes.com/sites/elaineramirez/2017/08/09/dayli-icon-blockchain-south-korea/#34c1c5be25a7	2019-03-14	2019-03-14 15:15:48.818133+08	2019-03-14 15:15:48.818146+08
4	test press3	https://www.forbes.com/sites/elaineramirez/2017/08/09/dayli-icon-blockchain-south-korea/#34c1c5be25a7	2019-03-11	2019-03-14 15:15:57.325678+08	2019-03-14 15:15:57.325691+08
5	test press4	https://www.forbes.com/sites/elaineramirez/2017/08/09/dayli-icon-blockchain-south-korea/#34c1c5be25a7	2019-03-01	2019-03-14 15:16:11.821767+08	2019-03-14 15:16:11.82178+08
6	test press5	https://www.forbes.com/sites/elaineramirez/2017/08/09/dayli-icon-blockchain-south-korea/#34c1c5be25a7	2019-02-28	2019-03-14 15:16:19.870813+08	2019-03-14 15:16:19.87083+08
7	test press6	https://www.forbes.com/sites/elaineramirez/2017/08/09/dayli-icon-blockchain-south-korea/#34c1c5be25a7	2019-01-31	2019-03-14 15:16:31.042598+08	2019-03-14 15:16:31.042611+08
8	test press7	https://www.forbes.com/sites/elaineramirez/2017/08/09/dayli-icon-blockchain-south-korea/#34c1c5be25a7	2019-01-30	2019-03-14 15:16:38.195965+08	2019-03-14 15:16:38.195978+08
9	test press8	https://www.forbes.com/sites/elaineramirez/2017/08/09/dayli-icon-blockchain-south-korea/#34c1c5be25a7	2019-03-14	2019-03-14 15:16:46.74152+08	2019-03-14 15:16:46.741533+08
10	test press9	https://www.forbes.com/sites/elaineramirez/2017/08/09/dayli-icon-blockchain-south-korea/#34c1c5be25a7	2019-01-28	2019-03-14 15:16:55.205319+08	2019-03-14 15:16:55.205333+08
11	test press10	https://www.forbes.com/sites/elaineramirez/2017/08/09/dayli-icon-blockchain-south-korea/#34c1c5be25a7	2019-01-27	2019-03-14 15:17:03.205109+08	2019-03-14 15:17:03.205121+08
12	test press11	https://www.forbes.com/sites/elaineramirez/2017/08/09/dayli-icon-blockchain-south-korea/#34c1c5be25a7	2019-01-25	2019-03-14 15:17:10.476385+08	2019-03-14 15:17:10.476398+08
13	test press12	https://www.forbes.com/sites/elaineramirez/2017/08/09/dayli-icon-blockchain-south-korea/#34c1c5be25a7	2019-03-14	2019-03-14 15:17:19.122706+08	2019-03-14 15:17:19.122721+08
14	test press13	https://www.forbes.com/sites/elaineramirez/2017/08/09/dayli-icon-blockchain-south-korea/#34c1c5be25a7	2019-01-20	2019-03-14 15:17:28.375147+08	2019-03-14 15:17:28.375167+08
15	test press14	https://www.forbes.com/sites/elaineramirez/2017/08/09/dayli-icon-blockchain-south-korea/#34c1c5be25a7	2019-01-17	2019-03-14 15:17:38.057347+08	2019-03-14 15:17:38.057359+08
16	test press15	https://www.forbes.com/sites/elaineramirez/2017/08/09/dayli-icon-blockchain-south-korea/#34c1c5be25a7	2019-01-14	2019-03-14 15:17:45.949487+08	2019-03-14 15:17:45.949503+08
17	test press16	https://www.forbes.com/sites/elaineramirez/2017/08/09/dayli-icon-blockchain-south-korea/#34c1c5be25a7	2019-01-13	2019-03-14 15:17:53.730087+08	2019-03-14 15:17:53.730101+08
18	test press17	https://www.forbes.com/sites/elaineramirez/2017/08/09/dayli-icon-blockchain-south-korea/#34c1c5be25a7	2019-01-11	2019-03-14 15:18:01.635925+08	2019-03-14 15:18:01.635938+08
19	test press18	https://www.forbes.com/sites/elaineramirez/2017/08/09/dayli-icon-blockchain-south-korea/#34c1c5be25a7	2019-01-07	2019-03-14 15:18:10.723666+08	2019-03-14 15:18:10.723679+08
\.


--
-- Data for Name: resources_videoevents; Type: TABLE DATA; Schema: public; Owner: iconcommunityuser
--

COPY public.resources_videoevents (id, video_events_title, video_events_link, video_events_date, created_at, updated_at) FROM stdin;
1	2018 SIDiF - ICONLOOP Showcases Blockchain Services	https://www.youtube.com/watch?v=IrdEJQb7X_4	2018-11-05	2019-03-19 18:25:52.397578+08	2019-03-19 18:25:52.397592+08
2	Consensus2018	https://www.youtube.com/watch?v=B0tmKDdMMW0	2018-06-27	2019-03-19 18:26:23.942181+08	2019-03-19 18:26:23.942194+08
3	Asia Crypto Night (ACN)	https://www.youtube.com/watch?v=hO_9FrJYaW0	2018-06-27	2019-03-19 18:26:53.591329+08	2019-03-19 18:26:53.591342+08
4	BIA : Bridges Block Party	https://www.youtube.com/watch?v=I6zHSExEiUY	2018-06-24	2019-03-19 18:27:15.473771+08	2019-03-19 18:27:15.473785+08
5	Key Announcements : Open source	https://www.youtube.com/watch?v=J9C8AJHgfEI	2018-08-31	2019-03-19 18:29:23.58133+08	2019-03-19 18:29:23.581343+08
6	Key Announcements : Repurchase	https://www.youtube.com/watch?v=keDitkWssv8	2018-08-28	2019-03-19 18:29:51.157651+08	2019-03-19 18:29:51.157665+08
7	Key Announcements : Rebranding	https://www.youtube.com/watch?v=EKGEuP6FHAE	2018-08-24	2019-03-19 18:30:32.448269+08	2019-03-19 18:30:32.448283+08
8	Key Announcements from ICON	https://www.youtube.com/watch?v=7D3l2HaXRAY	2018-08-20	2019-03-19 18:30:56.442989+08	2019-03-19 18:30:56.443002+08
\.


--
-- Data for Name: resources_videoiconsensus; Type: TABLE DATA; Schema: public; Owner: iconcommunityuser
--

COPY public.resources_videoiconsensus (id, video_iconsensus_title, video_iconsensus_link, video_iconsensus_date, created_at, updated_at) FROM stdin;
1	ICONSENSUS: P-Rep Election Q&A	https://www.youtube.com/watch?v=MWElxwfql0Y	2019-03-25	2019-03-25 12:09:48.923531+08	2019-03-25 12:09:48.923544+08
\.


--
-- Data for Name: resources_videointerviews; Type: TABLE DATA; Schema: public; Owner: iconcommunityuser
--

COPY public.resources_videointerviews (id, video_interviews_title, video_interviews_link, video_interviews_date, created_at, updated_at) FROM stdin;
1	Key Announcements from ICON	https://www.youtube.com/watch?v=7D3l2HaXRAY	2019-03-19	2019-03-19 18:32:01.957069+08	2019-03-19 18:32:01.957082+08
2	Key Announcements from ICON	https://www.youtube.com/watch?v=7D3l2HaXRAY	2019-03-19	2019-03-19 18:32:05.065097+08	2019-03-19 18:32:05.06511+08
3	Key Announcements from ICON	https://www.youtube.com/watch?v=7D3l2HaXRAY	2019-03-19	2019-03-19 18:32:07.73006+08	2019-03-19 18:32:07.730073+08
4	Key Announcements from ICON	https://www.youtube.com/watch?v=7D3l2HaXRAY	2019-03-19	2019-03-19 18:32:10.723424+08	2019-03-19 18:32:10.723437+08
\.


--
-- Name: auth_group_id_seq; Type: SEQUENCE SET; Schema: public; Owner: iconcommunityuser
--

SELECT pg_catalog.setval('public.auth_group_id_seq', 1, false);


--
-- Name: auth_group_permissions_id_seq; Type: SEQUENCE SET; Schema: public; Owner: iconcommunityuser
--

SELECT pg_catalog.setval('public.auth_group_permissions_id_seq', 1, false);


--
-- Name: auth_permission_id_seq; Type: SEQUENCE SET; Schema: public; Owner: iconcommunityuser
--

SELECT pg_catalog.setval('public.auth_permission_id_seq', 63, true);


--
-- Name: auth_user_groups_id_seq; Type: SEQUENCE SET; Schema: public; Owner: iconcommunityuser
--

SELECT pg_catalog.setval('public.auth_user_groups_id_seq', 1, false);


--
-- Name: auth_user_id_seq; Type: SEQUENCE SET; Schema: public; Owner: iconcommunityuser
--

SELECT pg_catalog.setval('public.auth_user_id_seq', 1, true);


--
-- Name: auth_user_user_permissions_id_seq; Type: SEQUENCE SET; Schema: public; Owner: iconcommunityuser
--

SELECT pg_catalog.setval('public.auth_user_user_permissions_id_seq', 1, false);


--
-- Name: developers_blogtutorial_id_seq; Type: SEQUENCE SET; Schema: public; Owner: iconcommunityuser
--

SELECT pg_catalog.setval('public.developers_blogtutorial_id_seq', 5, true);


--
-- Name: developers_videopresentation_id_seq; Type: SEQUENCE SET; Schema: public; Owner: iconcommunityuser
--

SELECT pg_catalog.setval('public.developers_videopresentation_id_seq', 1, true);


--
-- Name: developers_videotutorial_id_seq; Type: SEQUENCE SET; Schema: public; Owner: iconcommunityuser
--

SELECT pg_catalog.setval('public.developers_videotutorial_id_seq', 4, true);


--
-- Name: django_admin_log_id_seq; Type: SEQUENCE SET; Schema: public; Owner: iconcommunityuser
--

SELECT pg_catalog.setval('public.django_admin_log_id_seq', 116, true);


--
-- Name: django_content_type_id_seq; Type: SEQUENCE SET; Schema: public; Owner: iconcommunityuser
--

SELECT pg_catalog.setval('public.django_content_type_id_seq', 15, true);


--
-- Name: django_migrations_id_seq; Type: SEQUENCE SET; Schema: public; Owner: iconcommunityuser
--

SELECT pg_catalog.setval('public.django_migrations_id_seq', 22, true);


--
-- Name: resources_news_id_seq; Type: SEQUENCE SET; Schema: public; Owner: iconcommunityuser
--

SELECT pg_catalog.setval('public.resources_news_id_seq', 25, true);


--
-- Name: resources_press_id_seq; Type: SEQUENCE SET; Schema: public; Owner: iconcommunityuser
--

SELECT pg_catalog.setval('public.resources_press_id_seq', 38, true);


--
-- Name: resources_videoevents_id_seq; Type: SEQUENCE SET; Schema: public; Owner: iconcommunityuser
--

SELECT pg_catalog.setval('public.resources_videoevents_id_seq', 6, true);


--
-- Name: resources_videoiconsensus_id_seq; Type: SEQUENCE SET; Schema: public; Owner: iconcommunityuser
--

SELECT pg_catalog.setval('public.resources_videoiconsensus_id_seq', 1, true);


--
-- Name: resources_videointerviews_id_seq; Type: SEQUENCE SET; Schema: public; Owner: iconcommunityuser
--

SELECT pg_catalog.setval('public.resources_videointerviews_id_seq', 12, true);


--
-- Name: auth_group auth_group_name_key; Type: CONSTRAINT; Schema: public; Owner: iconcommunityuser
--

ALTER TABLE ONLY public.auth_group
    ADD CONSTRAINT auth_group_name_key UNIQUE (name);


--
-- Name: auth_group_permissions auth_group_permissions_group_id_permission_id_0cd325b0_uniq; Type: CONSTRAINT; Schema: public; Owner: iconcommunityuser
--

ALTER TABLE ONLY public.auth_group_permissions
    ADD CONSTRAINT auth_group_permissions_group_id_permission_id_0cd325b0_uniq UNIQUE (group_id, permission_id);


--
-- Name: auth_group_permissions auth_group_permissions_pkey; Type: CONSTRAINT; Schema: public; Owner: iconcommunityuser
--

ALTER TABLE ONLY public.auth_group_permissions
    ADD CONSTRAINT auth_group_permissions_pkey PRIMARY KEY (id);


--
-- Name: auth_group auth_group_pkey; Type: CONSTRAINT; Schema: public; Owner: iconcommunityuser
--

ALTER TABLE ONLY public.auth_group
    ADD CONSTRAINT auth_group_pkey PRIMARY KEY (id);


--
-- Name: auth_permission auth_permission_content_type_id_codename_01ab375a_uniq; Type: CONSTRAINT; Schema: public; Owner: iconcommunityuser
--

ALTER TABLE ONLY public.auth_permission
    ADD CONSTRAINT auth_permission_content_type_id_codename_01ab375a_uniq UNIQUE (content_type_id, codename);


--
-- Name: auth_permission auth_permission_pkey; Type: CONSTRAINT; Schema: public; Owner: iconcommunityuser
--

ALTER TABLE ONLY public.auth_permission
    ADD CONSTRAINT auth_permission_pkey PRIMARY KEY (id);


--
-- Name: auth_user_groups auth_user_groups_pkey; Type: CONSTRAINT; Schema: public; Owner: iconcommunityuser
--

ALTER TABLE ONLY public.auth_user_groups
    ADD CONSTRAINT auth_user_groups_pkey PRIMARY KEY (id);


--
-- Name: auth_user_groups auth_user_groups_user_id_group_id_94350c0c_uniq; Type: CONSTRAINT; Schema: public; Owner: iconcommunityuser
--

ALTER TABLE ONLY public.auth_user_groups
    ADD CONSTRAINT auth_user_groups_user_id_group_id_94350c0c_uniq UNIQUE (user_id, group_id);


--
-- Name: auth_user auth_user_pkey; Type: CONSTRAINT; Schema: public; Owner: iconcommunityuser
--

ALTER TABLE ONLY public.auth_user
    ADD CONSTRAINT auth_user_pkey PRIMARY KEY (id);


--
-- Name: auth_user_user_permissions auth_user_user_permissions_pkey; Type: CONSTRAINT; Schema: public; Owner: iconcommunityuser
--

ALTER TABLE ONLY public.auth_user_user_permissions
    ADD CONSTRAINT auth_user_user_permissions_pkey PRIMARY KEY (id);


--
-- Name: auth_user_user_permissions auth_user_user_permissions_user_id_permission_id_14a6b632_uniq; Type: CONSTRAINT; Schema: public; Owner: iconcommunityuser
--

ALTER TABLE ONLY public.auth_user_user_permissions
    ADD CONSTRAINT auth_user_user_permissions_user_id_permission_id_14a6b632_uniq UNIQUE (user_id, permission_id);


--
-- Name: auth_user auth_user_username_key; Type: CONSTRAINT; Schema: public; Owner: iconcommunityuser
--

ALTER TABLE ONLY public.auth_user
    ADD CONSTRAINT auth_user_username_key UNIQUE (username);


--
-- Name: developers_blogtutorial developers_blogtutorial_pkey; Type: CONSTRAINT; Schema: public; Owner: iconcommunityuser
--

ALTER TABLE ONLY public.developers_blogtutorial
    ADD CONSTRAINT developers_blogtutorial_pkey PRIMARY KEY (id);


--
-- Name: developers_videopresentation developers_videopresentation_pkey; Type: CONSTRAINT; Schema: public; Owner: iconcommunityuser
--

ALTER TABLE ONLY public.developers_videopresentation
    ADD CONSTRAINT developers_videopresentation_pkey PRIMARY KEY (id);


--
-- Name: developers_videotutorial developers_videotutorial_pkey; Type: CONSTRAINT; Schema: public; Owner: iconcommunityuser
--

ALTER TABLE ONLY public.developers_videotutorial
    ADD CONSTRAINT developers_videotutorial_pkey PRIMARY KEY (id);


--
-- Name: django_admin_log django_admin_log_pkey; Type: CONSTRAINT; Schema: public; Owner: iconcommunityuser
--

ALTER TABLE ONLY public.django_admin_log
    ADD CONSTRAINT django_admin_log_pkey PRIMARY KEY (id);


--
-- Name: django_content_type django_content_type_app_label_model_76bd3d3b_uniq; Type: CONSTRAINT; Schema: public; Owner: iconcommunityuser
--

ALTER TABLE ONLY public.django_content_type
    ADD CONSTRAINT django_content_type_app_label_model_76bd3d3b_uniq UNIQUE (app_label, model);


--
-- Name: django_content_type django_content_type_pkey; Type: CONSTRAINT; Schema: public; Owner: iconcommunityuser
--

ALTER TABLE ONLY public.django_content_type
    ADD CONSTRAINT django_content_type_pkey PRIMARY KEY (id);


--
-- Name: django_migrations django_migrations_pkey; Type: CONSTRAINT; Schema: public; Owner: iconcommunityuser
--

ALTER TABLE ONLY public.django_migrations
    ADD CONSTRAINT django_migrations_pkey PRIMARY KEY (id);


--
-- Name: django_session django_session_pkey; Type: CONSTRAINT; Schema: public; Owner: iconcommunityuser
--

ALTER TABLE ONLY public.django_session
    ADD CONSTRAINT django_session_pkey PRIMARY KEY (session_key);


--
-- Name: resources_news resources_news_pkey; Type: CONSTRAINT; Schema: public; Owner: iconcommunityuser
--

ALTER TABLE ONLY public.resources_news
    ADD CONSTRAINT resources_news_pkey PRIMARY KEY (id);


--
-- Name: resources_press resources_press_pkey; Type: CONSTRAINT; Schema: public; Owner: iconcommunityuser
--

ALTER TABLE ONLY public.resources_press
    ADD CONSTRAINT resources_press_pkey PRIMARY KEY (id);


--
-- Name: resources_videoevents resources_videoevents_pkey; Type: CONSTRAINT; Schema: public; Owner: iconcommunityuser
--

ALTER TABLE ONLY public.resources_videoevents
    ADD CONSTRAINT resources_videoevents_pkey PRIMARY KEY (id);


--
-- Name: resources_videoiconsensus resources_videoiconsensus_pkey; Type: CONSTRAINT; Schema: public; Owner: iconcommunityuser
--

ALTER TABLE ONLY public.resources_videoiconsensus
    ADD CONSTRAINT resources_videoiconsensus_pkey PRIMARY KEY (id);


--
-- Name: resources_videointerviews resources_videointerviews_pkey; Type: CONSTRAINT; Schema: public; Owner: iconcommunityuser
--

ALTER TABLE ONLY public.resources_videointerviews
    ADD CONSTRAINT resources_videointerviews_pkey PRIMARY KEY (id);


--
-- Name: auth_group_name_a6ea08ec_like; Type: INDEX; Schema: public; Owner: iconcommunityuser
--

CREATE INDEX auth_group_name_a6ea08ec_like ON public.auth_group USING btree (name varchar_pattern_ops);


--
-- Name: auth_group_permissions_group_id_b120cbf9; Type: INDEX; Schema: public; Owner: iconcommunityuser
--

CREATE INDEX auth_group_permissions_group_id_b120cbf9 ON public.auth_group_permissions USING btree (group_id);


--
-- Name: auth_group_permissions_permission_id_84c5c92e; Type: INDEX; Schema: public; Owner: iconcommunityuser
--

CREATE INDEX auth_group_permissions_permission_id_84c5c92e ON public.auth_group_permissions USING btree (permission_id);


--
-- Name: auth_permission_content_type_id_2f476e4b; Type: INDEX; Schema: public; Owner: iconcommunityuser
--

CREATE INDEX auth_permission_content_type_id_2f476e4b ON public.auth_permission USING btree (content_type_id);


--
-- Name: auth_user_groups_group_id_97559544; Type: INDEX; Schema: public; Owner: iconcommunityuser
--

CREATE INDEX auth_user_groups_group_id_97559544 ON public.auth_user_groups USING btree (group_id);


--
-- Name: auth_user_groups_user_id_6a12ed8b; Type: INDEX; Schema: public; Owner: iconcommunityuser
--

CREATE INDEX auth_user_groups_user_id_6a12ed8b ON public.auth_user_groups USING btree (user_id);


--
-- Name: auth_user_user_permissions_permission_id_1fbb5f2c; Type: INDEX; Schema: public; Owner: iconcommunityuser
--

CREATE INDEX auth_user_user_permissions_permission_id_1fbb5f2c ON public.auth_user_user_permissions USING btree (permission_id);


--
-- Name: auth_user_user_permissions_user_id_a95ead1b; Type: INDEX; Schema: public; Owner: iconcommunityuser
--

CREATE INDEX auth_user_user_permissions_user_id_a95ead1b ON public.auth_user_user_permissions USING btree (user_id);


--
-- Name: auth_user_username_6821ab7c_like; Type: INDEX; Schema: public; Owner: iconcommunityuser
--

CREATE INDEX auth_user_username_6821ab7c_like ON public.auth_user USING btree (username varchar_pattern_ops);


--
-- Name: django_admin_log_content_type_id_c4bce8eb; Type: INDEX; Schema: public; Owner: iconcommunityuser
--

CREATE INDEX django_admin_log_content_type_id_c4bce8eb ON public.django_admin_log USING btree (content_type_id);


--
-- Name: django_admin_log_user_id_c564eba6; Type: INDEX; Schema: public; Owner: iconcommunityuser
--

CREATE INDEX django_admin_log_user_id_c564eba6 ON public.django_admin_log USING btree (user_id);


--
-- Name: django_session_expire_date_a5c62663; Type: INDEX; Schema: public; Owner: iconcommunityuser
--

CREATE INDEX django_session_expire_date_a5c62663 ON public.django_session USING btree (expire_date);


--
-- Name: django_session_session_key_c0390e0f_like; Type: INDEX; Schema: public; Owner: iconcommunityuser
--

CREATE INDEX django_session_session_key_c0390e0f_like ON public.django_session USING btree (session_key varchar_pattern_ops);


--
-- Name: auth_group_permissions auth_group_permissio_permission_id_84c5c92e_fk_auth_perm; Type: FK CONSTRAINT; Schema: public; Owner: iconcommunityuser
--

ALTER TABLE ONLY public.auth_group_permissions
    ADD CONSTRAINT auth_group_permissio_permission_id_84c5c92e_fk_auth_perm FOREIGN KEY (permission_id) REFERENCES public.auth_permission(id) DEFERRABLE INITIALLY DEFERRED;


--
-- Name: auth_group_permissions auth_group_permissions_group_id_b120cbf9_fk_auth_group_id; Type: FK CONSTRAINT; Schema: public; Owner: iconcommunityuser
--

ALTER TABLE ONLY public.auth_group_permissions
    ADD CONSTRAINT auth_group_permissions_group_id_b120cbf9_fk_auth_group_id FOREIGN KEY (group_id) REFERENCES public.auth_group(id) DEFERRABLE INITIALLY DEFERRED;


--
-- Name: auth_permission auth_permission_content_type_id_2f476e4b_fk_django_co; Type: FK CONSTRAINT; Schema: public; Owner: iconcommunityuser
--

ALTER TABLE ONLY public.auth_permission
    ADD CONSTRAINT auth_permission_content_type_id_2f476e4b_fk_django_co FOREIGN KEY (content_type_id) REFERENCES public.django_content_type(id) DEFERRABLE INITIALLY DEFERRED;


--
-- Name: auth_user_groups auth_user_groups_group_id_97559544_fk_auth_group_id; Type: FK CONSTRAINT; Schema: public; Owner: iconcommunityuser
--

ALTER TABLE ONLY public.auth_user_groups
    ADD CONSTRAINT auth_user_groups_group_id_97559544_fk_auth_group_id FOREIGN KEY (group_id) REFERENCES public.auth_group(id) DEFERRABLE INITIALLY DEFERRED;


--
-- Name: auth_user_groups auth_user_groups_user_id_6a12ed8b_fk_auth_user_id; Type: FK CONSTRAINT; Schema: public; Owner: iconcommunityuser
--

ALTER TABLE ONLY public.auth_user_groups
    ADD CONSTRAINT auth_user_groups_user_id_6a12ed8b_fk_auth_user_id FOREIGN KEY (user_id) REFERENCES public.auth_user(id) DEFERRABLE INITIALLY DEFERRED;


--
-- Name: auth_user_user_permissions auth_user_user_permi_permission_id_1fbb5f2c_fk_auth_perm; Type: FK CONSTRAINT; Schema: public; Owner: iconcommunityuser
--

ALTER TABLE ONLY public.auth_user_user_permissions
    ADD CONSTRAINT auth_user_user_permi_permission_id_1fbb5f2c_fk_auth_perm FOREIGN KEY (permission_id) REFERENCES public.auth_permission(id) DEFERRABLE INITIALLY DEFERRED;


--
-- Name: auth_user_user_permissions auth_user_user_permissions_user_id_a95ead1b_fk_auth_user_id; Type: FK CONSTRAINT; Schema: public; Owner: iconcommunityuser
--

ALTER TABLE ONLY public.auth_user_user_permissions
    ADD CONSTRAINT auth_user_user_permissions_user_id_a95ead1b_fk_auth_user_id FOREIGN KEY (user_id) REFERENCES public.auth_user(id) DEFERRABLE INITIALLY DEFERRED;


--
-- Name: django_admin_log django_admin_log_content_type_id_c4bce8eb_fk_django_co; Type: FK CONSTRAINT; Schema: public; Owner: iconcommunityuser
--

ALTER TABLE ONLY public.django_admin_log
    ADD CONSTRAINT django_admin_log_content_type_id_c4bce8eb_fk_django_co FOREIGN KEY (content_type_id) REFERENCES public.django_content_type(id) DEFERRABLE INITIALLY DEFERRED;


--
-- Name: django_admin_log django_admin_log_user_id_c564eba6_fk_auth_user_id; Type: FK CONSTRAINT; Schema: public; Owner: iconcommunityuser
--

ALTER TABLE ONLY public.django_admin_log
    ADD CONSTRAINT django_admin_log_user_id_c564eba6_fk_auth_user_id FOREIGN KEY (user_id) REFERENCES public.auth_user(id) DEFERRABLE INITIALLY DEFERRED;


--
-- PostgreSQL database dump complete
--

